epoch,steps,training step,training data,training loss,training prec1,training prec5,training error1,training error5,validation step,validation data,validation loss,validation prec1,validation prec5,validation error1,validation error5
1,781,0.1584105186364715,0.027348721683712225,1.6439119018757389,38.20222471190781,87.80409731113957,61.79777528809219,12.195902688860428,0.15007940826901964,0.08419572927389934,1.6494777435302734,40.14,89.28,59.86,10.719999999999999
2,1562,0.15624983026795136,0.02694859455855952,1.1694677877365092,57.75848271446863,95.35651408450704,42.24151728553137,4.64348591549296,0.14997995127538208,0.0841957383854374,1.335200912666321,52.14,94.4,47.86,5.599999999999994
3,2343,0.15558133845750563,0.027168664370547792,0.9381344770194626,66.81137964148527,97.1770966709347,33.188620358514726,2.822903329065298,0.1505769939179633,0.08469331492284302,1.239353918838501,58.72,95.36,41.28,4.640000000000001
4,3124,0.15564963942758558,0.026788547005451902,0.7991483540449497,71.8810019206146,97.98735595390525,28.118998079385406,2.0126440460947492,0.15007942041773706,0.08459383059459127,1.1787993287086487,59.29,95.54,40.71,4.459999999999994
5,3905,0.15578968241028535,0.02704862382134158,0.7111739170917628,75.26008322663252,98.48151408450704,24.739916773367483,1.5184859154929597,0.14958181198994824,0.08339956307866771,0.9977475246429444,66.0,97.03,34.0,2.969999999999999
6,4686,0.1552895248012567,0.026648500970017436,0.6439962749978797,77.63084186939821,98.69558258642766,22.36915813060179,1.304417413572338,0.1495817907296928,0.0834990747415336,0.9613047038078308,68.47,96.32,31.53,3.680000000000007
7,5467,0.15628984459841602,0.02676853968758284,0.6037398314201267,78.91725352112677,98.88364276568502,21.082746478873233,1.1163572343149752,0.1496813145412761,0.08369811932752087,1.1765403789520263,60.18,94.07,39.82,5.930000000000007
8,6248,0.1557296415297231,0.026568451550492252,0.5599850490975472,80.51976632522407,98.99967989756722,19.48023367477593,1.0003201024327808,0.14968133580153156,0.08389718669235327,1.0338242265701294,65.12,95.78,34.879999999999995,4.219999999999999
9,7029,0.1556496372906713,0.026848561632495837,0.5369314563945985,81.4120518565941,99.06169974391806,18.587948143405896,0.9383002560819449,0.14968132365281414,0.08389717150645651,0.9962784791946411,66.81,95.66,33.19,4.340000000000003
10,7810,0.15572963908753534,0.026868542391573116,0.5153695545833028,82.26232394366197,99.13772407170295,17.73767605633803,0.862275928297052,0.15027846196654496,0.08389717454363586,1.1006503582000733,61.97,94.83,38.03,5.170000000000002
11,8591,0.15558962052671307,0.026548470486141503,0.4911640911874637,82.8705185659411,99.26576504481434,17.129481434058903,0.7342349551856557,0.14968135098742832,0.08389720795260873,0.9134772466659546,68.61,96.81,31.39,3.1899999999999977
12,9372,0.155749650679233,0.026728506124889653,0.4780124385439327,83.4627080665813,99.25976312419975,16.5372919334187,0.7402368758002495,0.1496813206156348,0.0836981299576486,0.8322926425933838,71.6,97.78,28.400000000000006,2.219999999999999
13,10153,0.1555496083331627,0.026568473224908535,0.46121260170823636,84.02888924455826,99.31978233034572,15.971110755441742,0.680217669654283,0.15117418234515342,0.08479289188506497,0.8488889125823975,70.81,97.35,29.189999999999998,2.6500000000000057
14,10934,0.15596974216563753,0.02696860279224899,0.4536204662235995,84.30297695262485,99.35779449423815,15.697023047375154,0.6422055057618508,0.15097512409185906,0.08519097650127047,0.8193726755142212,72.34,97.5,27.659999999999997,2.5
15,11715,0.15620981532693978,0.026848561327222367,0.4350647626017792,85.00520166453265,99.37580025608194,14.994798335467351,0.6241997439180551,0.15100303728869008,0.0847992289597821,0.6672980020523072,77.63,98.5,22.370000000000005,1.5
16,12496,0.15612979246620637,0.026588484816606157,0.42696612142264917,85.21126760563381,99.44582266325224,14.788732394366193,0.554177336747756,0.14938278866421645,0.08349911878063421,0.6750485441207886,76.52,98.63,23.480000000000004,1.3700000000000045
17,13277,0.1555696113772032,0.02664849944365009,0.4175769394399567,85.45134443021767,99.43181818181819,14.548655569782326,0.568181818181813,0.14948230792003073,0.08330006204592953,0.6752988262176514,76.98,98.26,23.019999999999996,1.7399999999999949
18,14058,0.15544955251158887,0.02658845673144703,0.4062360379363144,85.92549615877081,99.50984314980793,14.074503841229188,0.490156850192065,0.149382715771912,0.08349904285115041,0.7086680394172669,75.72,98.15,24.28,1.8499999999999943
19,14839,0.15558961900034574,0.026508454324036035,0.40046218547984364,86.17357554417414,99.46182778489117,13.826424455825858,0.5381722151088297,0.1496813251714038,0.0836981360320073,0.6811671236991882,76.34,98.13,23.659999999999997,1.8700000000000045
20,15620,0.1553695479672636,0.026548466517586407,0.3966884195098651,86.3676376440461,99.50784250960308,13.632362355953902,0.49215749039692014,0.14928325725968478,0.08359861373901367,0.6591973941802979,76.41,98.77,23.590000000000003,1.230000000000004
21,16401,0.15588969274611236,0.026528439356941876,0.38541480055539157,86.68974071702945,99.51384443021767,13.310259282970549,0.4861555697823263,0.14958178313674442,0.0842952378995859,0.675939596748352,76.0,98.37,24.0,1.6299999999999955
22,17182,0.15506945376817458,0.026828558588455335,0.38422029496918264,86.74375800256082,99.51584507042253,13.256241997439176,0.4841549295774712,0.14928324207378801,0.08399671961547463,0.7114481952667236,74.78,98.55,25.22,1.4500000000000028
23,17963,0.15494941627170303,0.02674852931697909,0.375290795969902,87.00584186939821,99.56586107554418,12.99415813060179,0.4341389244558229,0.14968132820858318,0.0842952621970207,0.5622107937812805,81.24,98.72,18.760000000000005,1.2800000000000011
24,18744,0.1549294059010993,0.026628488767772875,0.3700688998292411,87.20190460947504,99.53385083226632,12.798095390524963,0.46614916773367554,0.14948228969695462,0.08399670139239852,0.8021725967407226,73.29,97.59,26.709999999999994,2.4099999999999966
25,19525,0.1548893763069612,0.026788522278300933,0.36475084554141673,87.39396606914212,99.55585787451984,12.606033930857876,0.4441421254801554,0.1495818408431521,0.08379770540128088,0.6373613199234008,78.65,98.33,21.349999999999994,1.6700000000000017
26,20306,0.15534954400740267,0.02658848176387147,0.3609347811753405,87.5700224071703,99.55385723431498,12.429977592829701,0.44614276568502476,0.14948228514118558,0.08359859855311691,0.7799797312736512,73.06,97.72,26.939999999999998,2.280000000000001
27,21087,0.15550957324410217,0.02670849636483284,0.35800128318512486,87.72607234314981,99.59186939820742,12.27392765685019,0.4081306017925783,0.14908421874805622,0.0834991127062755,0.5712477411270142,80.09,98.93,19.909999999999997,1.0699999999999932
28,21868,0.15526666378700169,0.026448433591522724,0.3549292591542349,87.63004161331627,99.62387964148527,12.369958386683734,0.3761203585147257,0.14978085809452518,0.08369813299482795,0.634689089679718,78.05,98.85,21.950000000000003,1.1500000000000057
29,22649,0.1553695507147248,0.026568477193463627,0.347677061350947,88.08218629961587,99.60787451984635,11.91781370038413,0.392125480153652,0.14968130998550708,0.08349906714858522,0.5405838562965393,81.97,98.94,18.03,1.0600000000000023
30,23430,0.15534954339685575,0.026628495483789188,0.3437623851354235,88.11819782330346,99.61587708066581,11.881802176696539,0.38412291933418885,0.1493827658853713,0.0833995691530264,0.5280644882202148,81.8,99.08,18.200000000000003,0.9200000000000017
31,24211,0.15528952052742814,0.026628491515234092,0.34505977562691886,88.04617477592829,99.61187580025609,11.953825224071707,0.3881241997439133,0.14928326485263313,0.08330006356451922,0.6053248983383178,79.63,98.73,20.370000000000005,1.269999999999996
32,24992,0.1551694842520505,0.026548467738680283,0.3387316752811858,88.32026248399488,99.61787772087068,11.679737516005119,0.3821222791293195,0.1494823094386204,0.08379768869679445,0.5605201067924499,80.58,98.91,19.42,1.0900000000000034
33,25773,0.15524949887040024,0.026588470163479656,0.33726636529274084,88.20222471190782,99.61987836107555,11.797775288092183,0.38012163892445017,0.14928320714622545,0.08349905955563684,0.5285740994453431,81.9,99.08,18.099999999999994,0.9200000000000017
34,26554,0.15504943607100757,0.02662848296757697,0.3364858431944316,88.38028169014085,99.65388924455826,11.619718309859152,0.3461107554417424,0.14908417319036593,0.08339954941136063,0.480196916103363,83.75,99.26,16.25,0.7399999999999949
35,27335,0.1552494906280166,0.026488426247571098,0.33058394443019556,88.47431177976952,99.64988796414853,11.525688220230478,0.3501120358514669,0.15007945230812025,0.0845938791894609,0.5534513097286224,80.63,99.16,19.370000000000005,0.8400000000000034
36,28116,0.1552694945878775,0.026488425331750692,0.32593594879751475,88.62235915492958,99.63188220230474,11.377640845070417,0.36811779769526254,0.14968135554319734,0.08399672720842301,0.5895317995548248,80.01,99.06,19.989999999999995,0.9399999999999977
37,28897,0.15530950952888908,0.026548448201178285,0.32570643937656424,88.69038092189501,99.6338828425096,11.309619078104987,0.3661171574903932,0.14958183021302435,0.0834991066319168,0.4665061943054199,84.24,99.2,15.760000000000005,0.7999999999999972
38,29678,0.15530951074998298,0.02650843326016669,0.324206563626224,88.71038732394366,99.6338828425096,11.289612676056336,0.3661171574903932,0.1499799178664092,0.08399671961547463,0.5458730328559875,81.07,98.99,18.930000000000007,1.0100000000000051
39,30459,0.1555296016258406,0.026748532369713775,0.3208384765896388,88.79841549295774,99.61987836107555,11.201584507042256,0.38012163892445017,0.1495818211014863,0.08349910207614777,0.4804698739767075,83.49,99.25,16.510000000000005,0.75
40,31240,0.15544121732479785,0.02660846465986303,0.31616591610653605,89.13852432778489,99.68189820742637,10.861475672215107,0.3181017925736285,0.1491837243365634,0.08330004230426376,0.6064292204856873,79.16,98.89,20.840000000000003,1.1099999999999994
41,32021,0.15568962628343805,0.026668482339641655,0.31669036561334635,88.99647887323944,99.62988156209987,11.00352112676056,0.3701184379001319,0.15047745947625227,0.084593785036901,0.5127545164108276,82.5,99.13,17.5,0.8700000000000045
42,32802,0.15556961107192974,0.026628490904687156,0.3133547274388669,88.99847951344431,99.72391165172856,11.001520486555691,0.27608834827144335,0.14978082924132136,0.08409619786936766,0.4683098623275757,83.76,99.26,16.239999999999995,0.7399999999999949
43,33583,0.15568965101058901,0.026668504624604874,0.31385390650333117,89.20054417413573,99.65989116517285,10.799455825864271,0.3401088348271486,0.1497808459458078,0.08349908081589232,0.5089905347824096,82.67,99.12,17.33,0.8799999999999955
44,34364,0.1555295848357998,0.02664848479052359,0.31263407734765286,89.17453585147247,99.67189500640205,10.82546414852753,0.32810499359794676,0.14938275981101262,0.08369815121790405,0.4834761244297028,83.49,99.28,16.510000000000005,0.7199999999999989
45,35145,0.15554960589097497,0.026568472919635065,0.3080058376115202,89.05449743918054,99.6979033290653,10.945502560819463,0.30209667093470216,0.15087558205719967,0.08509144813391813,0.4253678776741028,85.39,99.39,14.61,0.6099999999999994
46,35926,0.15572966534105367,0.026768538466488963,0.3107636639140022,89.27056658130601,99.67389564660691,10.729433418693986,0.32610435339309163,0.14988035305290465,0.08379763099038677,0.4837755616188049,83.46,99.22,16.540000000000006,0.7800000000000011
47,36707,0.15536954857781052,0.026708519260342997,0.30429355266877234,89.49663892445582,99.68189820742637,10.503361075544177,0.3181017925736285,0.14997989205038473,0.08409622824116117,0.6055010898113251,79.85,98.59,20.150000000000006,1.4099999999999966
48,37488,0.1558296744557868,0.026708502775575686,0.3069650536539002,89.38460307298335,99.6919014084507,10.615396927016647,0.308098591549296,0.1504774822550974,0.08449428096698348,0.4672849567890167,84.57,99.11,15.430000000000007,0.8900000000000006
49,38269,0.15506942965157053,0.026788520751933588,0.30112248093424016,89.66269206145967,99.70390524967989,10.337307938540334,0.29609475032010835,0.14988035912726336,0.08489238836203411,0.4999864564418793,83.38,99.1,16.620000000000005,0.9000000000000057
50,39050,0.15522948331014752,0.026828538745679868,0.3016430181612126,89.42661651728554,99.69590268886043,10.573383482714462,0.3040973111395715,0.15057702125257746,0.08519095827819435,0.5494867906570434,81.39,98.89,18.61,1.1099999999999994
51,39831,0.1550694317884848,0.026808528680349587,0.2983374755815263,89.59467029449424,99.68990076824583,10.405329705505764,0.3100992317541653,0.15027843159475143,0.08469331188566366,0.5140512614250183,82.72,99.1,17.28,0.9000000000000057
52,40612,0.1553676403133573,0.026868571087279178,0.30155323980979515,89.46662932138284,99.6979033290653,10.53337067861716,0.30209667093470216,0.14968130998550708,0.08359859247875821,0.4282675822019577,85.69,99.45,14.310000000000002,0.5499999999999972
53,41393,0.15550957751793074,0.026668489666204904,0.2972796039319527,89.75072023047375,99.68189820742637,10.249279769526254,0.3181017925736285,0.14958182869443468,0.08339958737610252,0.45793709416389466,84.48,99.51,15.519999999999996,0.4899999999999949
54,42174,0.15536954705144318,0.02670851346014709,0.29472395559241005,89.76272407170295,99.75792253521126,10.237275928297052,0.2420774647887356,0.1493827476622952,0.08359859855311691,0.5211328528404235,82.47,98.92,17.53,1.0799999999999983
55,42955,0.15540955955026703,0.026528460115537753,0.29653471460263037,89.54065300896286,99.70790653008963,10.459346991037137,0.29209346991036966,0.1499799254593576,0.08359863955503816,0.416744182062149,85.93,99.47,14.069999999999993,0.5300000000000011
56,43736,0.15528952327488937,0.02658847901641025,0.2969825524126064,89.65068822023048,99.73191421254802,10.349311779769522,0.2680857874519802,0.1489846767133968,0.0833000392670844,0.4709665641307831,83.76,99.2,16.239999999999995,0.7999999999999972
57,44517,0.15564961683734888,0.026648476548139937,0.29074452785958704,89.75872279129321,99.72791293213828,10.24127720870679,0.2720870678617189,0.14918372889233242,0.08379767351089769,0.5617163856983185,81.78,98.93,18.22,1.0699999999999932
58,45298,0.1554695308284784,0.026668459749404967,0.2915112075518707,89.79673495518566,99.73791613316261,10.203265044814344,0.2620838668373864,0.14898469797365224,0.08339958130174381,0.5470717001914978,80.96,98.93,19.040000000000006,1.0699999999999932
59,46079,0.1551494754078141,0.026548465601766002,0.2964632462295161,89.75672215108835,99.73191421254802,10.243277848911646,0.2680857874519802,0.14958179832264118,0.08369815273649374,0.5039644375324249,82.39,99.39,17.61,0.6099999999999994
60,46860,0.15528952419070977,0.026528460115537753,0.2897175015802954,89.87075864276568,99.73391485275287,10.12924135723432,0.26608514724712506,0.1492832542225054,0.08369813755059698,0.45910789337158203,84.17,99.12,15.829999999999998,0.8799999999999955
61,47641,0.15520949888778862,0.026588482679691876,0.2879453153562912,90.00280089628681,99.75192061459667,9.997199103713186,0.2480793854033294,0.14928322536930158,0.08359860462747562,0.47596706795692445,83.57,99.06,16.430000000000007,0.9399999999999977
62,48422,0.15544957357545822,0.026568472309088126,0.2867084558809918,90.03481113956467,99.77192701664532,9.965188860435333,0.22807298335467863,0.14948231095721007,0.08389719428530165,0.515190497970581,82.66,99.02,17.340000000000003,0.980000000000004
63,49203,0.1554295461095402,0.026628469840817813,0.28569909068785615,90.00280089628681,99.74391805377721,9.997199103713186,0.25608194622279257,0.14948226084375077,0.08349906107422653,0.48154821586608887,83.7,99.3,16.299999999999997,0.7000000000000028
64,49984,0.15546955799781711,0.026468419234975504,0.2832215846863202,90.0848271446863,99.73591549295774,9.915172855313699,0.2640845070422557,0.14938279473857516,0.08330007267605727,0.47277159485816955,83.77,99.22,16.230000000000004,0.7800000000000011
65,50765,0.1561666908703754,0.026985492657455073,0.2871066776799484,90.05481754161332,99.74591869398208,9.945182458386682,0.2540813060179232,0.14968130998550708,0.08369817095956984,0.43310093469619754,85.31,99.18,14.689999999999998,0.8199999999999932
66,51546,0.15542954733063408,0.02670850155448181,0.28722278787140354,89.99279769526248,99.76992637644047,10.007202304737518,0.23007362355953376,0.1493827339949881,0.08320049267665595,0.4933779377937317,83.05,99.18,16.950000000000003,0.8199999999999932
67,52327,0.15526951748338766,0.02664849944365009,0.28641389983392557,90.10883482714469,99.71991037131882,9.89116517285531,0.28008962868118203,0.14958180439699986,0.08379765832500094,0.4606854645729065,84.12,99.26,15.879999999999995,0.7399999999999949
68,53108,0.15520949644560086,0.026428426578927133,0.2817928717017326,90.0668213828425,99.75192061459667,9.933178617157495,0.2480793854033294,0.1492831980346874,0.08359856666273373,0.4288592357158661,85.48,99.52,14.519999999999996,0.480000000000004
69,53889,0.15546957875641298,0.0264684378566571,0.27863512641336485,90.37692061459667,99.72991357234315,9.62307938540333,0.27008642765684954,0.14918375167117756,0.08359863955503816,0.4797092629432678,83.49,99.24,16.510000000000005,0.7600000000000051
70,54670,0.15534954064939452,0.026508454324036035,0.2838075647605213,90.18285851472471,99.7499199743918,9.817141485275286,0.25008002560819875,0.14878561694151277,0.08310098253237973,0.48392854199409485,83.25,99.36,16.75,0.6400000000000006
71,55451,0.15532953607898667,0.026628493346874907,0.2788771279203907,90.29689500640205,99.73191421254802,9.703104993597947,0.2680857874519802,0.1489847010108316,0.08320054430870494,0.4865947247028351,83.16,99.33,16.840000000000003,0.6700000000000017
72,56232,0.15538955650622652,0.026548467128133347,0.2789846691046573,90.282890524968,99.79593469910371,9.717109475032004,0.20406530089628916,0.14938279625716483,0.08369815729226276,0.5020054592609405,82.99,99.17,17.010000000000005,0.8299999999999983
73,57013,0.15556961381939097,0.026608488471193594,0.2765342891502472,90.33290653008963,99.78793213828425,9.66709346991037,0.21206786171575231,0.14958179224828247,0.08409620242513668,0.43809518089294436,84.57,99.37,15.430000000000007,0.6299999999999955
74,57794,0.1549694217579313,0.026848562548316243,0.27989829925011733,90.31490076824583,99.73791613316261,9.685099231754165,0.2620838668373864,0.14938277651549906,0.08419576116428254,0.43929162707328795,85.4,99.37,14.599999999999994,0.6299999999999955
75,58575,0.15498942541251873,0.026708517733975652,0.27709485152581287,90.44894366197182,99.78193021766965,9.551056338028175,0.21806978233034613,0.14948226995528882,0.08409620242513668,0.42187750425338744,85.79,99.39,14.209999999999994,0.6099999999999994
76,59356,0.155049431797179,0.026768522897542057,0.27444705303171685,90.49295774647888,99.77992957746478,9.50704225352112,0.22007042253521547,0.14978088239196,0.08449433108044278,0.41505718936920166,86.01,99.41,13.989999999999995,0.5900000000000034
77,60137,0.15522893198626295,0.026768537245395088,0.27268609585820025,90.6189980793854,99.72791293213828,9.381001920614594,0.2720870678617189,0.14938275221806424,0.08359861373901367,0.4343812783718109,85.48,99.38,14.519999999999996,0.6200000000000045
78,60918,0.15536952690339426,0.02654844698008441,0.2733929182632937,90.54097311139564,99.77392765685019,9.459026888604356,0.22607234314980929,0.14938272640203973,0.08379762036025903,0.4184081394195557,85.55,99.44,14.450000000000003,0.5600000000000023
79,61699,0.1554095461182344,0.02656845735068816,0.2726899242069138,90.48095390524968,99.78593149807938,9.519046094750323,0.21406850192062166,0.14918370763207697,0.08339955548571933,0.4416861252307892,84.92,99.28,15.079999999999998,0.7199999999999989
80,62480,0.15532953638426014,0.026648498527829686,0.275741978487651,90.42893725992317,99.75192061459667,9.571062740076826,0.2480793854033294,0.14888517112488958,0.08320054279011525,0.406664826130867,86.29,99.52,13.709999999999994,0.480000000000004
81,63261,0.15518949034882568,0.026548466822859877,0.2733820608689446,90.34891165172856,99.77192701664532,9.651088348271443,0.22807298335467863,0.1492832678898125,0.0834991248549929,0.40749752473831174,86.31,99.47,13.689999999999998,0.5300000000000011
82,64042,0.15526949519842442,0.026748510084750557,0.17754643466252065,93.91405249679897,99.90997119078105,6.085947503201027,0.09002880921894985,0.1494822912155443,0.08379766136218028,0.3103886489391327,89.25,99.74,10.75,0.2600000000000051
83,64823,0.15538955620095304,0.02660848755537319,0.14692854400003919,94.88036171574905,99.92797695262485,5.119638284250954,0.07202304737515419,0.14938278107126807,0.0836981299576486,0.307921923494339,89.3,99.75,10.700000000000003,0.25
84,65604,0.15518942746249112,0.026508392658795347,0.13362668681217216,95.30449743918054,99.92397567221511,4.695502560819463,0.07602432778489288,0.14958180591558953,0.0836981299576486,0.30186802468299867,89.64,99.74,10.36,0.2600000000000051
85,66385,0.15522950284764953,0.02658847962695719,0.12270944017950307,95.78064980793854,99.93597951344431,4.219350192061455,0.06402048655569104,0.1493827355135778,0.08389714417184234,0.2943785487651825,90.05,99.76,9.950000000000003,0.23999999999999488
86,67166,0.15518946012675228,0.026548438127153816,0.11994493377803993,95.8706786171575,99.9479833546735,4.129321382842505,0.05201664532650341,0.14997991331064017,0.08379767047371833,0.29731675295829774,89.9,99.83,10.099999999999994,0.1700000000000017
87,67947,0.15566964460854035,0.02672852352547737,0.10981119968827037,96.21879001280409,99.95598591549296,3.7812099871959077,0.04401408450704025,0.14968135098742832,0.08379767654807704,0.314032133769989,89.28,99.78,10.719999999999999,0.21999999999999886
88,68728,0.15556961168247668,0.026848561327222367,0.10754204813328962,96.2768085787452,99.95598591549296,3.7231914212547963,0.04401408450704025,0.15057705466155033,0.08449432500608407,0.289868435049057,90.25,99.79,9.75,0.20999999999999375
89,69509,0.15567994361955592,0.026948572273596302,0.10308068953502193,96.45486555697823,99.95398527528809,3.545134443021766,0.046014724711909594,0.14928323751801897,0.08349907777871296,0.3002285592556,89.78,99.74,10.219999999999999,0.2600000000000051
90,70290,0.15546958089332727,0.026528459504990817,0.10077310457024317,96.4448623559539,99.95598591549296,3.5551376440460984,0.04401408450704025,0.1494823231059275,0.0833000772318263,0.31356523714065554,89.63,99.75,10.370000000000005,0.25
91,71071,0.1555095720230083,0.026588460394728657,0.09379436226893173,96.8569942381562,99.96798975672215,3.1430057618437957,0.032010243277852624,0.14968130998550708,0.08379763099038677,0.3124886858463287,89.95,99.77,10.049999999999997,0.23000000000000398
92,71852,0.1554695650191069,0.026528445767684723,0.0946996766076961,96.69094110115238,99.96398847631242,3.309058898847624,0.036011523687577096,0.1496813206156348,0.08359859855311691,0.3051819013595581,89.79,99.82,10.209999999999994,0.18000000000000682
93,72633,0.15542956992087079,0.026548468654500692,0.08943050410049978,96.97503201024328,99.97399167733674,3.0249679897567177,0.02600832266325881,0.14918371674361502,0.08339956763443673,0.3022206329345703,90.07,99.74,9.930000000000007,0.2600000000000051
94,73414,0.1552895229696159,0.02658847932168372,0.08636301427736172,97.08506722151088,99.97599231754161,2.914932778489117,0.024007682458389468,0.14948225780657143,0.08369810110444476,0.3206770082473755,89.28,99.78,10.719999999999999,0.21999999999999886
95,74195,0.1557096354329479,0.026728505209069244,0.08525383906503341,97.0610595390525,99.97599231754161,2.9389404609475065,0.024007682458389468,0.1490842005249801,0.0837976537692319,0.33455326943397523,89.26,99.78,10.739999999999995,0.21999999999999886
96,74976,0.15536952812448812,0.026668484476555936,0.08311830531142737,97.15108834827144,99.96999039692702,2.8489116517285566,0.030009603072983282,0.1490841807833143,0.08330006356451922,0.31710943315029144,89.64,99.76,10.36,0.23999999999999488
97,75757,0.1556696452190873,0.026488449448354722,0.07869123511979888,97.2991357234315,99.9819942381562,2.7008642765684954,0.018005761843795653,0.14928326940840217,0.08359863803644849,0.3311610123634338,89.42,99.75,10.579999999999998,0.25
98,76538,0.15542953145641372,0.026488414341905814,0.07726326283358428,97.32514404609475,99.98399487836107,2.6748559539052508,0.016005121638926312,0.14898470404801095,0.08310103112724936,0.31517678937911986,89.86,99.77,10.14,0.23000000000000398
99,77319,0.15568965192640943,0.02660848694482625,0.07333892853823269,97.41717349551857,99.98399487836107,2.5828265044814316,0.016005121638926312,0.14918374104104984,0.08330006812028824,0.3227952886581421,89.74,99.73,10.260000000000005,0.269999999999996
100,78100,0.15562963180444306,0.02648844731144044,0.07364116004273467,97.48319462227913,99.97199103713189,2.516805377720871,0.02800896286811394,0.14968133124576252,0.08399669379945014,0.324901331615448,89.92,99.7,10.079999999999998,0.29999999999999716
101,78881,0.15562963272026345,0.026628493041601437,0.07240389110985547,97.485195262484,99.98399487836107,2.514804737516002,0.016005121638926312,0.15088585531635648,0.08500216872828781,0.3226684947729111,89.98,99.81,10.019999999999996,0.18999999999999773
102,79662,0.15560960433852505,0.026568452466312658,0.07344796222833756,97.39116517285531,99.98399487836107,2.6088348271446904,0.016005121638926312,0.1493827917013958,0.08359864259221751,0.32523429050445557,89.76,99.68,10.239999999999995,0.3199999999999932
103,80443,0.15560960952817401,0.026788528689043776,0.07050270798035377,97.55521766965428,99.98599551856594,2.444782330345717,0.01400448143405697,0.1491837562269466,0.08349912333640323,0.33382000069618223,89.34,99.67,10.659999999999997,0.3299999999999983
104,81224,0.1554695778405926,0.026468436330289755,0.06972416620057616,97.63324263764405,99.9819942381562,2.366757362355955,0.018005761843795653,0.14908421419228718,0.08339958737610252,0.3403790619850159,89.13,99.71,10.870000000000005,0.29000000000000625
105,82005,0.1554695824196946,0.026588482679691876,0.06557352729761799,97.70726632522407,99.99199743918054,2.2927336747759313,0.008002560819463156,0.14918371066925631,0.08349908385307166,0.35232193875312806,88.9,99.68,11.099999999999994,0.3199999999999932
106,82786,0.15560962387602706,0.02664849761200928,0.0662874017344852,97.72727272727273,99.9939980793854,2.2727272727272663,0.006001920614593814,0.14888512404860965,0.08320048812088693,0.3262398916721344,90.03,99.7,9.969999999999999,0.29999999999999716
107,83567,0.1555095936974246,0.026488447006166975,0.06586467734181468,97.75528169014085,99.99199743918054,2.2447183098591523,0.008002560819463156,0.1494822775482372,0.08359859247875821,0.33913027181625366,89.64,99.72,10.36,0.28000000000000114
108,84348,0.15524951047079205,0.026548467738680283,0.06118824137386684,97.85931498079385,99.99799935979513,2.1406850192061455,0.0020006402048693417,0.14958181806430695,0.08379769628974283,0.3196060290813446,90.34,99.8,9.659999999999997,0.20000000000000284
109,85129,0.15540954642350788,0.026448421685857443,0.06224977914315485,97.8393085787452,99.98599551856594,2.1606914212547963,0.01400448143405697,0.1492832739641712,0.08330006660169857,0.34842005610466004,89.48,99.68,10.519999999999996,0.3199999999999932
110,85910,0.15570964214896424,0.026668486613470217,0.05983260118911727,97.91133162612036,99.9939980793854,2.088668373879642,0.006001920614593814,0.1492832739641712,0.08389719428530165,0.3597235693454742,89.56,99.73,10.439999999999998,0.269999999999996
111,86691,0.15552957537232226,0.02654844423262319,0.05926096461780093,97.95334507042253,99.9939980793854,2.046654929577471,0.006001920614593814,0.14948226691810948,0.08349907018576458,0.34511791825294497,89.6,99.77,10.400000000000006,0.23000000000000398
112,87472,0.15550959217105723,0.026468440298844848,0.06036329452096271,97.8453104993598,99.99799935979513,2.1546895006402025,0.0020006402048693417,0.14988039861059493,0.08389719580389132,0.3414004123687744,89.37,99.7,10.629999999999995,0.29999999999999716
113,88253,0.15564963790121825,0.02662849212578103,0.06136376367793651,97.89932778489117,99.98999679897567,2.1006722151088297,0.010003201024332498,0.15027844526205852,0.08379763402756613,0.33526277532577514,90.19,99.75,9.810000000000002,0.25
114,89034,0.15576930052187013,0.02682818127044795,0.05922865605747349,97.90933098591549,99.99199743918054,2.0906690140845114,0.008002560819463156,0.14968136009896638,0.08379768717820478,0.3423314579486847,90.07,99.65,9.930000000000007,0.3499999999999943
115,89815,0.15691003909336926,0.0273687259488466,0.05842568143896959,97.92533610755441,99.99599871959028,2.074663892445585,0.0040012804097244725,0.1492832299250706,0.08359860159029626,0.346095583820343,89.69,99.69,10.310000000000002,0.3100000000000023
116,90596,0.15548958821119632,0.026488450974722067,0.05726706248048631,97.93934058898847,99.99199743918054,2.060659411011528,0.008002560819463156,0.148785597199847,0.08310096127212427,0.34893618125915526,89.49,99.64,10.510000000000005,0.35999999999999943
117,91377,0.15598974795713924,0.02656847414072894,0.05669814190814193,97.99935979513444,99.98999679897567,2.0006402048655616,0.010003201024332498,0.14928326637122283,0.08339958737610252,0.3496647469997406,89.39,99.71,10.61,0.29000000000000625
118,92158,0.15542956747868303,0.02642842993693529,0.054385948859431835,98.0713828425096,100.0,1.9286171574903932,0.0,0.14908422785959427,0.08310102353430097,0.3432448303222656,89.81,99.71,10.189999999999998,0.29000000000000625
119,92939,0.1557896604305956,0.026568451550492252,0.05593255858644176,98.09338988476313,99.99599871959028,1.906610115236873,0.0040012804097244725,0.14958183325020372,0.08330006963887791,0.3721978005886078,88.99,99.73,11.010000000000005,0.269999999999996
120,93720,0.15580968759124014,0.026688510416106592,0.05643064207212568,98.04337387964148,99.99199743918054,1.9566261203585213,0.008002560819463156,0.1501789730825242,0.08379769021538412,0.3450562392234802,89.81,99.68,10.189999999999998,0.3199999999999932
121,94501,0.15672998239075175,0.02664849791728275,0.057211913125501244,97.95134443021767,99.98999679897567,2.0486555697823263,0.010003201024332498,0.15007944927094088,0.08379767654807704,0.36484468703269957,89.43,99.75,10.569999999999993,0.25
122,95282,0.15586968848097799,0.026668484171282467,0.05569811466313355,98.04737516005122,99.99199743918054,1.9526248399487827,0.008002560819463156,0.14978087783619098,0.08399673024560236,0.37515769748687744,89.01,99.66,10.989999999999995,0.3400000000000034
123,96063,0.1559697397234498,0.026708518039249122,0.042754380645352044,98.58754801536492,99.99799935979513,1.4124519846350836,0.0020006402048693417,0.14928326940840217,0.08330007267605727,0.36159151859283445,89.36,99.76,10.64,0.23999999999999488
124,96844,0.15642986529615258,0.026788520751933588,0.03960813132142135,98.7215909090909,99.99599871959028,1.2784090909090935,0.0040012804097244725,0.14988038798046718,0.08369813755059698,0.3371617971420288,90.06,99.72,9.939999999999998,0.28000000000000114
125,97625,0.15564963881703864,0.026588480237504125,0.038671314916674825,98.7395966709347,99.99599871959028,1.2604033290652978,0.0040012804097244725,0.14938278866421645,0.0835986304435001,0.34670492172241213,89.75,99.65,10.25,0.3499999999999943
126,98406,0.15550535467003737,0.026568474446002407,0.03734254874718326,98.80561779769526,99.99799935979513,1.1943822023047375,0.0020006402048693417,0.14888517568065862,0.0831010220157113,0.340236732006073,89.98,99.75,10.019999999999996,0.25
127,99187,0.1554695589136375,0.026568451550492252,0.03534595705998081,98.84162932138284,99.99799935979513,1.1583706786171604,0.0020006402048693417,0.14928324511096736,0.08320052304844948,0.34786393604278565,90.1,99.74,9.900000000000006,0.2600000000000051
128,99968,0.15554959123784845,0.026608469849512,0.0357156613133323,98.86963828425095,99.99799935979513,1.1303617157490464,0.0020006402048693417,0.14908422178523556,0.08339959193187155,0.34876418981552126,89.69,99.75,10.310000000000002,0.25
129,100749,0.15554959093257498,0.02650843875508913,0.03362310113487872,98.94766325224072,99.99599871959028,1.0523367477592842,0.0040012804097244725,0.1494823155129791,0.08330011975233721,0.3588259344100952,89.72,99.66,10.280000000000001,0.3400000000000034
130,101530,0.15554958482710562,0.026548446064264004,0.03306355884491863,99.00368117797696,99.99599871959028,0.9963188220230421,0.0040012804097244725,0.14938277651549906,0.08359862892491043,0.3443257228374481,90.19,99.72,9.810000000000002,0.28000000000000114
131,102311,0.15556961290357055,0.02666850523515181,0.034496643674701795,98.9016485275288,100.0,1.0983514724711938,0.0,0.15087562609630026,0.08449433867339116,0.34550362906455995,90.01,99.65,9.989999999999995,0.3499999999999943
132,103092,0.15566961957611591,0.02664847532704606,0.030602804534184947,99.04969590268887,99.99799935979513,0.9503040973111325,0.0020006402048693417,0.1499799239407679,0.08369816032944212,0.3571917915344238,89.6,99.7,10.400000000000006,0.29999999999999716
133,103873,0.15572966167777205,0.02670851590233484,0.031616520503876915,99.00568181818181,99.99799935979513,0.994318181818187,0.0020006402048693417,0.1493827795526784,0.08330006508310889,0.3541634678840637,89.98,99.71,10.019999999999996,0.29000000000000625
134,104654,0.15576967234495506,0.02664849516982153,0.031001305357861917,99.00168053777209,99.99599871959028,0.9983194622279115,0.0040012804097244725,0.1497808322785007,0.0837976355461558,0.3402011474132538,90.0,99.71,10.0,0.29000000000000625
135,105435,0.15588969885158172,0.02658846466855722,0.031209443971304825,99.03169014084507,99.99599871959028,0.9683098591549282,0.0040012804097244725,0.14918374863399822,0.08349911118768583,0.354042244052887,89.58,99.67,10.420000000000002,0.3299999999999983
136,106216,0.15580968942288095,0.026688511942473934,0.030844664084277905,99.01768565941101,99.99799935979513,0.9823143405889851,0.0020006402048693417,0.14938278866421645,0.08419576723864124,0.35517341737747193,89.63,99.75,10.370000000000005,0.25
137,106997,0.15586970893430038,0.026828559199002275,0.028964563827394065,99.14372599231754,99.99799935979513,0.8562740076824582,0.0020006402048693417,0.1499799254593576,0.08379768110384607,0.35149945731163024,89.98,99.74,10.019999999999996,0.2600000000000051
138,107778,0.15561852503982915,0.026688511331926998,0.029764714050995098,99.07770486555698,100.0,0.9222951344430186,0.0,0.14958182413866566,0.08389719276671197,0.3436172463417053,89.92,99.77,10.079999999999998,0.23000000000000398
139,108559,0.15548958607428204,0.026588478100589844,0.030758518234334134,99.00968309859155,100.0,0.9903169014084483,0.0,0.15017896093380678,0.08399671961547463,0.3572949367523193,89.71,99.72,10.290000000000006,0.28000000000000114
140,109340,0.1556496360695774,0.026888572299678865,0.03013832242288907,99.0356914212548,100.0,0.9643085787452037,0.0,0.14978087479901162,0.08339964356392053,0.3777567558288574,89.42,99.67,10.579999999999998,0.3299999999999983
141,110121,0.15558959671538253,0.02660846038603447,0.028947760621693925,99.08570742637644,100.0,0.9142925736235554,0.0,0.14958181047135857,0.08349908992743037,0.3461130037307739,90.09,99.71,9.909999999999997,0.29000000000000625
142,110902,0.15572964244554352,0.02666848356073553,0.029085026107127473,99.08570742637644,99.99599871959028,0.9142925736235554,0.0040012804097244725,0.14978082164837297,0.08379762339743839,0.3581958771705627,89.65,99.8,10.349999999999994,0.20000000000000284
143,111683,0.15560962662348826,0.026748538475183152,0.029159750517519734,99.06770166453265,100.0,0.9322983354673511,0.0,0.1494822653995198,0.08379763402756613,0.351282248544693,90.07,99.69,9.930000000000007,0.3100000000000023
144,112464,0.15584970161643133,0.026748530232799494,0.0279631955637364,99.1057138284251,100.0,0.8942861715749046,0.0,0.14948226995528882,0.08349906866717491,0.33996223330497743,90.06,99.77,9.939999999999998,0.23000000000000398
145,113245,0.15554960528042802,0.02656847200381466,0.028107033434315618,99.1577304737516,99.99599871959028,0.8422695262484012,0.0040012804097244725,0.14958182869443468,0.0835986304435001,0.37394803190231324,89.76,99.62,10.239999999999995,0.37999999999999545
146,114026,0.15536949668132083,0.026688460045984245,0.02818326931566038,99.14572663252241,99.99599871959028,0.8542733674775889,0.0040012804097244725,0.14928322840648092,0.08339954333700192,0.37117449388504026,89.83,99.72,10.170000000000002,0.28000000000000114
147,114807,0.1557696604392898,0.02676852503445634,0.02818828204911436,99.09170934699104,99.99799935979513,0.9082906530089616,0.0020006402048693417,0.14948225173221272,0.08330000889529089,0.32385617473125455,90.52,99.78,9.480000000000004,0.21999999999999886
148,115588,0.15588971594689596,0.02672852566239165,0.026548400621446238,99.19574263764405,99.99799935979513,0.8042573623559548,0.0020006402048693417,0.14968134339447994,0.08389719276671197,0.34634102053642274,89.96,99.76,10.040000000000006,0.23999999999999488
149,116369,0.15560960494907197,0.026568453076859594,0.027671904879098666,99.12572023047375,100.0,0.8742797695262539,0.0,0.1492832496667364,0.08339959648764057,0.3612996250629425,89.37,99.7,10.629999999999995,0.29999999999999716
150,117150,0.15558960343139883,0.026548452780280316,0.02652602721954888,99.16773367477593,100.0,0.8322663252240687,0.0,0.15086641129414746,0.08498273381761684,0.36875673880577087,89.97,99.69,10.030000000000001,0.3100000000000023
151,117931,0.15550959400269804,0.02650845523985644,0.025798651972897685,99.2277528809219,100.0,0.7722471190781022,0.0,0.14948230184567202,0.08389720035966035,0.351187970161438,90.27,99.7,9.730000000000004,0.29999999999999716
152,118712,0.1556296116563941,0.026548447285357876,0.02600845369234891,99.2097471190781,99.99799935979513,0.7902528809218978,0.0020006402048693417,0.1499799300151266,0.08399673024560236,0.3432491594076157,90.28,99.77,9.719999999999999,0.23000000000000398
153,119493,0.15570965649681726,0.02658847901641025,0.027122875329741444,99.1757362355954,99.99799935979513,0.8242637644046056,0.0020006402048693417,0.14928323751801897,0.08349908992743037,0.3577791624546051,90.05,99.66,9.950000000000003,0.3400000000000034
154,120274,0.1558096665273708,0.026608461912401814,0.025268050599914813,99.20174455825864,100.0,0.798255441741361,0.0,0.14997990875487116,0.08389717909940489,0.3382252320289612,90.54,99.71,9.459999999999994,0.29000000000000625
155,121055,0.15566964552436077,0.026568474751275876,0.027058315686356853,99.18774007682458,100.0,0.812259923175418,0.0,0.14978088087337033,0.08379767502948737,0.3642709550857544,89.84,99.67,10.159999999999997,0.3299999999999983
156,121836,0.15584970314279867,0.02676853968758284,0.02535781047751748,99.23775608194622,100.0,0.7622439180537839,0.0,0.15007944471517187,0.08429529864317292,0.3827628809928894,89.79,99.63,10.209999999999994,0.37000000000000455
157,122617,0.15558961991616616,0.02670851590233484,0.025308183987032284,99.19974391805378,100.0,0.8002560819462161,0.0,0.1497808383528594,0.08399668620650176,0.3820446451663971,89.88,99.69,10.120000000000005,0.3100000000000023
158,123398,0.15572966442523326,0.026648499138376625,0.024945862796372245,99.27776888604353,100.0,0.7222311139564681,0.0,0.15017896548957582,0.08409624798282696,0.3400605783462524,90.43,99.72,9.569999999999993,0.28000000000000114
159,124179,0.15574967174310234,0.02684856621159787,0.02425719949770981,99.27576824583866,99.99599871959028,0.7242317541613374,0.0040012804097244725,0.14958183173161405,0.08379767199230802,0.35413081207275393,90.09,99.7,9.909999999999997,0.29999999999999716
160,124960,0.15576967722933058,0.026888577489327836,0.024926570872567527,99.19974391805378,99.99799935979513,0.8002560819462161,0.0020006402048693417,0.14968135098742832,0.08399671961547463,0.3522477795124054,90.28,99.67,9.719999999999999,0.3299999999999983
161,125741,0.15562961745659,0.026628479914842282,0.023756505723532276,99.29777528809218,100.0,0.7022247119078173,0.0,0.14918374863399822,0.08349913244794128,0.3527289574623108,90.11,99.69,9.89,0.3100000000000023
162,126522,0.15596971988067432,0.026568455824320814,0.024615839023558034,99.24175736235595,99.99799935979513,0.7582426376440452,0.0020006402048693417,0.15027848322680043,0.08389719884107068,0.36616705970764163,90.05,99.69,9.950000000000003,0.3100000000000023
163,127303,0.15575192099802015,0.026930840158889906,0.024155347370727418,99.24575864276568,99.99799935979513,0.7542413572343207,0.0020006402048693417,0.14988033938559758,0.08369809806726541,0.3593746157169342,90.2,99.7,9.799999999999997,0.29999999999999716
164,128084,0.15586969306008,0.02664848479052359,0.023941026215898244,99.28977272727273,100.0,0.7102272727272663,0.0,0.14958183173161405,0.0835986501851659,0.34612396850585936,90.31,99.74,9.689999999999998,0.2600000000000051
165,128865,0.1553495244699007,0.02646842503517141,0.02423388615880214,99.24575864276568,99.99599871959028,0.7542413572343207,0.0040012804097244725,0.14968134339447994,0.08369814818072471,0.35521813039779665,90.22,99.65,9.780000000000001,0.3499999999999943
166,129646,0.15550959308687765,0.026548472623055784,0.023807972655291748,99.23775608194622,100.0,0.7622439180537839,0.0,0.14968136009896638,0.08369815273649374,0.3566738512039185,90.37,99.66,9.629999999999995,0.3400000000000034
167,130427,0.1555295759828692,0.026568447581937157,0.02440117459825303,99.23775608194622,100.0,0.7622439180537839,0.0,0.14997991482922984,0.08359863499926913,0.3537886384487152,90.36,99.77,9.64,0.23000000000000398
168,131208,0.15580968972815443,0.026648496085641935,0.023606297234490647,99.27576824583866,100.0,0.7242317541613374,0.0,0.14968133732012123,0.08379765680641126,0.35939775543212893,90.49,99.72,9.510000000000005,0.28000000000000114
169,131989,0.1553695467461697,0.02662849212578103,0.024762753673880415,99.24775928297055,100.0,0.7522407170294514,0.0,0.14948226995528882,0.0837976476948732,0.34985705585479737,90.63,99.73,9.370000000000005,0.269999999999996
170,132770,0.15562963241498998,0.026648498833103156,0.02276762947917137,99.30577784891165,99.99799935979513,0.6942221510883542,0.0020006402048693417,0.14968129783678966,0.08359857881145114,0.36783212389945985,89.87,99.75,10.129999999999995,0.25
171,133551,0.15558962052671307,0.026608489081740534,0.021918327059887742,99.36979833546735,100.0,0.6302016645326489,0.0,0.15017890474598877,0.08389712898594559,0.34977377910614016,90.29,99.72,9.709999999999994,0.28000000000000114
172,134332,0.1555895957995621,0.026568453076859594,0.023362097744180053,99.30577784891165,100.0,0.6942221510883542,0.0,0.14958179832264118,0.08349907322294393,0.3660687195301056,89.87,99.64,10.129999999999995,0.35999999999999943
173,135113,0.15548958546373512,0.026568469866900375,0.024045526781018046,99.285771446863,100.0,0.714228553137005,0.0,0.14918373496669113,0.08320053671575656,0.363017681312561,89.82,99.66,10.180000000000007,0.3400000000000034
174,135894,0.15548958912701674,0.026568475667096282,0.023225974320182422,99.31978233034572,100.0,0.680217669654283,0.0,0.15027845589218625,0.08409620090654701,0.36172239856719973,90.04,99.68,9.959999999999994,0.3199999999999932
175,136675,0.15647182238697244,0.027448739346102473,0.024108697859410593,99.25576184379001,99.99599871959028,0.7442381562099882,0.0040012804097244725,0.15007944927094088,0.0838972094711984,0.36439128625392914,89.98,99.66,10.019999999999996,0.3400000000000034
176,137456,0.1557696613551102,0.02658846711074497,0.022830156215899428,99.32578425096031,100.0,0.6742157490396892,0.0,0.15007943104786478,0.08489241265946892,0.3643398505687714,89.89,99.7,10.11,0.29999999999999716
177,138237,0.15538953483181026,0.026948573189416708,0.023018293507235,99.29777528809218,100.0,0.7022247119078173,0.0,0.14968136009896638,0.08459385641061576,0.3470700990200043,90.47,99.71,9.530000000000001,0.29000000000000625
178,139018,0.1551894912646461,0.02682855584099412,0.023263622537999393,99.32178297055057,100.0,0.6782170294494279,0.0,0.15027843007616176,0.08459380022279776,0.34882399616241455,90.47,99.69,9.530000000000001,0.3100000000000023
179,139799,0.15518948973827876,0.026848563769410118,0.022793778932621172,99.32978553137004,99.99799935979513,0.6702144686299647,0.0020006402048693417,0.14948230640144106,0.08449433563621181,0.3553592784881592,90.32,99.69,9.680000000000007,0.3100000000000023
180,140580,0.15552953721313867,0.02678848106638265,0.021346343311549148,99.3557938540333,100.0,0.6442061459667059,0.0,0.14978087935478065,0.08379768262243574,0.3700184009552002,90.06,99.75,9.939999999999998,0.25
181,141361,0.15558959732592945,0.026648477463960343,0.02336756057474433,99.32778489116517,100.0,0.672215108834834,0.0,0.14958182869443468,0.08349912333640323,0.3574931277275085,90.21,99.67,9.790000000000006,0.3299999999999983
182,142142,0.15570965832845807,0.026748533285534185,0.023306110504151305,99.28377080665813,100.0,0.7162291933418743,0.0,0.14948222591618823,0.08389712443017656,0.36136739516258237,90.07,99.7,9.930000000000007,0.29999999999999716
183,142923,0.15576965433382042,0.026628471367185155,0.023776971476293252,99.23375480153649,100.0,0.7662451984635084,0.0,0.14948228210400624,0.0836981299576486,0.3795069506645203,89.49,99.72,10.510000000000005,0.28000000000000114
184,143704,0.1554495607539725,0.026608473207520158,0.022555512551423375,99.35379321382842,99.99799935979513,0.6462067861715752,0.0020006402048693417,0.1494822729924682,0.08359859096016853,0.36221962275505065,89.99,99.63,10.010000000000005,0.37000000000000455
185,144485,0.15572964794046595,0.02672850917762434,0.02287208837923259,99.30977912932138,100.0,0.6902208706786155,0.0,0.14888514682745477,0.08310101442276292,0.36418677515983583,89.82,99.74,10.180000000000007,0.2600000000000051
186,145266,0.1555896193056192,0.026548468349227222,0.02257563421805598,99.33978873239437,100.0,0.6602112676056322,0.0,0.14968134035730057,0.08359861070183432,0.36809769468307496,90.04,99.66,9.959999999999994,0.3400000000000034
187,146047,0.1561653287401578,0.02680853478581896,0.022358301798031974,99.31378040973111,99.99799935979513,0.686219590268891,0.0020006402048693417,0.1492832117019945,0.08310097038366232,0.35907541518211367,90.29,99.7,9.709999999999994,0.29999999999999716
188,146828,0.15578966745188538,0.026708502775575686,0.023090740725417145,99.29377400768246,100.0,0.7062259923175418,0.0,0.14928326485263313,0.08359863955503816,0.3587789964199066,90.28,99.68,9.719999999999999,0.3199999999999932
189,147609,0.15560960433852505,0.026608466186230376,0.02152518859841454,99.36779769526248,100.0,0.6322023047375183,0.0,0.1490842248224149,0.0833995949690509,0.3626717321872711,89.98,99.7,10.019999999999996,0.29999999999999716
190,148390,0.1554895720317025,0.02658846527910416,0.021803187542665324,99.38180217669654,100.0,0.6181978233034613,0.0,0.14918373344810146,0.08320059594075391,0.3528102993488312,90.22,99.69,9.780000000000001,0.3100000000000023
191,149171,0.15536954857781052,0.026468440604118317,0.023748103567374043,99.26576504481434,100.0,0.7342349551856557,0.0,0.14878564883189596,0.0829019743925447,0.35044333181381226,90.51,99.7,9.489999999999995,0.29999999999999716
192,149952,0.15542956625758914,0.02654846621231294,0.02355268044771672,99.33378681177977,99.99599871959028,0.666213188220226,0.0040012804097244725,0.14958183325020372,0.08349912181781356,0.3629407781124115,89.99,99.68,10.010000000000005,0.3199999999999932
193,150733,0.15558959763120292,0.026708495754285903,0.022202370857650585,99.3557938540333,99.99799935979513,0.6442061459667059,0.0020006402048693417,0.14928318740455968,0.08359855451401632,0.35322036714553834,90.31,99.76,9.689999999999998,0.23999999999999488
194,151514,0.15552957750923654,0.026448414054020725,0.022761221431319752,99.31177976952625,100.0,0.6882202304737461,0.0,0.1492832678898125,0.08349910815050647,0.36216062421798706,90.11,99.73,9.89,0.269999999999996
195,152295,0.15562963241498998,0.026668504929878344,0.023125610706633704,99.3317861715749,99.99799935979513,0.6682138284250954,0.0020006402048693417,0.1492832724455815,0.08330008026900565,0.3559324464797974,89.95,99.66,10.049999999999997,0.3400000000000034
196,153076,0.15568965162113596,0.026668504319331404,0.022220245034227603,99.34579065300896,99.99799935979513,0.6542093469910384,0.0020006402048693417,0.14928326637122283,0.08330007267605727,0.34466621119976043,90.43,99.69,9.569999999999993,0.3100000000000023
197,153857,0.1556496235533652,0.026628478083201467,0.023253207670932544,99.27776888604353,100.0,0.7222311139564681,0.0,0.1498803439413666,0.08379763402756613,0.364896239566803,90.02,99.74,9.980000000000004,0.2600000000000051
198,154638,0.1555496055857015,0.026788540899982526,0.022518909499335382,99.31578104993598,99.99599871959028,0.6842189500640217,0.0040012804097244725,0.14938273703216748,0.08369813755059698,0.34919143042564393,90.59,99.68,9.409999999999997,0.3199999999999932
199,155419,0.1554295696155973,0.026548468959774158,0.02287481687533718,99.285771446863,100.0,0.714228553137005,0.0,0.15059371207170424,0.08451099152777605,0.37767426826953887,89.78,99.68,10.219999999999999,0.3199999999999932
200,156200,0.15532953516316628,0.026588478100589844,0.02306572823915225,99.28777208706786,100.0,0.7122279129321356,0.0,0.14978087783619098,0.08419575964569286,0.35716790246963503,90.01,99.7,9.989999999999995,0.29999999999999716
